epoch, loss, acc, sen, spec, F1
1,0.7023934977395194,0.5,0.6078431372549019,0.4098360655737705,0.5254237288135594
2,0.6897762162344796,0.5714285714285714,0.7346938775510204,0.4444444444444444,0.6
3,0.6869340538978577,0.5535714285714286,0.68,0.45161290322580644,0.576271186440678
4,0.6857661179133824,0.5267857142857143,0.6739130434782609,0.42424242424242425,0.5391304347826086
5,0.6704211575644357,0.5982142857142857,0.68,0.532258064516129,0.6017699115044247
6,0.6715037993022374,0.625,0.6595744680851063,0.6,0.5961538461538461
7,0.6615156275885445,0.6607142857142857,0.7446808510638298,0.6,0.6481481481481481
8,0.674601171697889,0.6339285714285714,0.673469387755102,0.6031746031746031,0.6168224299065421
9,0.657353937625885,0.6696428571428571,0.7291666666666666,0.625,0.6542056074766355
10,0.6677248477935791,0.6071428571428571,0.7,0.532258064516129,0.6140350877192983
11,0.6553399818284171,0.6428571428571429,0.72,0.5806451612903226,0.6428571428571428
12,0.6522144504955837,0.6785714285714286,0.6875,0.671875,0.6470588235294118
13,0.6480628081730434,0.6428571428571429,0.6730769230769231,0.6166666666666667,0.6363636363636364
14,0.6434594563075474,0.6607142857142857,0.7291666666666666,0.609375,0.6481481481481481
15,0.6483404806682042,0.6339285714285714,0.6595744680851063,0.6153846153846154,0.6019417475728156
16,0.6205073424748012,0.75,0.78,0.7258064516129032,0.7358490566037736
17,0.6195784126009259,0.7232142857142857,0.7708333333333334,0.6875,0.7047619047619048
18,0.6269225648471287,0.6964285714285714,0.7021276595744681,0.6923076923076923,0.66
19,0.6253336497715541,0.6607142857142857,0.6808510638297872,0.6461538461538462,0.627450980392157
20,0.6139998776572091,0.6964285714285714,0.72,0.6774193548387096,0.6792452830188679
21,0.6005832808358329,0.7589285714285714,0.78,0.7419354838709677,0.7428571428571428
22,0.6126730867794582,0.6785714285714286,0.7,0.6612903225806451,0.6603773584905661
23,0.5986904672213963,0.7232142857142857,0.7659574468085106,0.6923076923076923,0.6990291262135921
24,0.6060080443109784,0.7232142857142857,0.7142857142857143,0.7301587301587301,0.6930693069306932
25,0.5998415180615017,0.75,0.7755102040816326,0.7301587301587301,0.7307692307692308
26,0.589370744568961,0.7232142857142857,0.7083333333333334,0.734375,0.6868686868686869
27,0.596914563860212,0.6964285714285714,0.7083333333333334,0.6875,0.6666666666666667
28,0.5740154896463666,0.7321428571428571,0.7058823529411765,0.7540983606557377,0.7058823529411765
29,0.5791442734854562,0.7589285714285714,0.7551020408163265,0.7619047619047619,0.7326732673267328
30,0.5712957211903164,0.7410714285714286,0.76,0.7258064516129032,0.7238095238095238
31,0.5635178174291339,0.7232142857142857,0.6808510638297872,0.7538461538461538,0.6736842105263158
32,0.5904407032898494,0.7053571428571429,0.7058823529411765,0.7049180327868853,0.6857142857142857
33,0.5599569593157087,0.75,0.7551020408163265,0.746031746031746,0.7254901960784315
34,0.5339012571743557,0.7857142857142857,0.82,0.7580645161290323,0.7735849056603773
35,0.5544850400515965,0.7857142857142857,0.7843137254901961,0.7868852459016393,0.7692307692307692
36,0.5481842075075422,0.7857142857142857,0.7843137254901961,0.7868852459016393,0.7692307692307692
37,0.551652729511261,0.7321428571428571,0.7450980392156863,0.7213114754098361,0.7169811320754716
38,0.5351731266294207,0.7946428571428571,0.7959183673469388,0.7936507936507936,0.7722772277227722
39,0.5468993527548653,0.7678571428571429,0.7551020408163265,0.7777777777777778,0.74
40,0.5288315032209668,0.7767857142857143,0.8,0.7580645161290323,0.761904761904762
41,0.5397914818355015,0.7857142857142857,0.7843137254901961,0.7868852459016393,0.7692307692307692
42,0.5208902997629983,0.8035714285714286,0.84,0.7741935483870968,0.7924528301886793
43,0.5106225056307656,0.8035714285714286,0.8125,0.796875,0.78
44,0.5040781923702785,0.75,0.7708333333333334,0.734375,0.7254901960784315
45,0.5230720085757119,0.8035714285714286,0.8,0.8064516129032258,0.7843137254901961
46,0.5082279401166099,0.7857142857142857,0.7959183673469388,0.7777777777777778,0.7647058823529412
47,0.5000362694263458,0.7857142857142857,0.8431372549019608,0.7377049180327869,0.7818181818181819
48,0.48995078035763334,0.8214285714285714,0.8695652173913043,0.7878787878787878,0.7999999999999999
49,0.49952392067228046,0.7946428571428571,0.78,0.8064516129032258,0.7722772277227723
50,0.514701634645462,0.7946428571428571,0.8,0.7903225806451613,0.7766990291262137
51,0.47924681646483286,0.7857142857142857,0.7647058823529411,0.8032786885245902,0.7647058823529412
52,0.47081237179892405,0.8125,0.8367346938775511,0.7936507936507936,0.796116504854369
53,0.4686471436704908,0.8125,0.8163265306122449,0.8095238095238095,0.7920792079207921
54,0.48345274158886503,0.8035714285714286,0.7872340425531915,0.8153846153846154,0.7708333333333333
55,0.47066103560583933,0.8482142857142857,0.8541666666666666,0.84375,0.8282828282828283
56,0.46760035838399616,0.8482142857142857,0.8775510204081632,0.8253968253968254,0.8349514563106796
57,0.47832055177007404,0.8214285714285714,0.851063829787234,0.8,0.8
58,0.449193217924663,0.8482142857142857,0.8571428571428571,0.8412698412698413,0.8316831683168318
59,0.4542388234819685,0.8125,0.8125,0.8125,0.787878787878788
60,0.44914497222219196,0.8035714285714286,0.8333333333333334,0.78125,0.7843137254901961
61,0.4494757652282715,0.7946428571428571,0.7916666666666666,0.796875,0.7676767676767677
62,0.4607355977807726,0.7946428571428571,0.8333333333333334,0.765625,0.7766990291262137
63,0.42497286200523376,0.8482142857142857,0.8478260869565217,0.8484848484848485,0.8210526315789473
64,0.4386834757668631,0.8482142857142857,0.84,0.8548387096774194,0.8316831683168315
65,0.4645518319947379,0.8035714285714286,0.7647058823529411,0.8360655737704918,0.7799999999999999
66,0.4201849571296147,0.8660714285714286,0.8125,0.90625,0.8387096774193549
67,0.41765525937080383,0.8482142857142857,0.86,0.8387096774193549,0.8349514563106797
68,0.4032966537134988,0.9017857142857143,0.9,0.9032258064516129,0.8910891089108911
69,0.42866132514817373,0.8482142857142857,0.88,0.8225806451612904,0.8380952380952381
70,0.39423638582229614,0.8660714285714286,0.86,0.8709677419354839,0.8514851485148515
71,0.4153604677745274,0.8571428571428571,0.84,0.8709677419354839,0.8399999999999999
72,0.40227035113743376,0.8839285714285714,0.8979591836734694,0.873015873015873,0.8712871287128713
73,0.40729133571897236,0.8928571428571429,0.8541666666666666,0.921875,0.8723404255319149
74,0.397110070501055,0.8392857142857143,0.82,0.8548387096774194,0.82
75,0.3874250778130123,0.8571428571428571,0.8775510204081632,0.8412698412698413,0.8431372549019608
76,0.39293973573616575,0.8571428571428571,0.8367346938775511,0.873015873015873,0.8367346938775511
77,0.3761247396469116,0.9107142857142857,0.9166666666666666,0.90625,0.8979591836734694
78,0.38180699944496155,0.8660714285714286,0.875,0.859375,0.8484848484848485
79,0.3819392238344465,0.8839285714285714,0.84,0.9193548387096774,0.8659793814432989
80,0.36691168376377653,0.9196428571428571,0.9019607843137255,0.9344262295081968,0.9108910891089109
81,0.3954152592590877,0.8392857142857143,0.8367346938775511,0.8412698412698413,0.8200000000000001
82,0.37171296988214764,0.875,0.8367346938775511,0.9047619047619048,0.8541666666666667
83,0.34096542852265493,0.8660714285714286,0.86,0.8709677419354839,0.8514851485148515
84,0.37042623332568575,0.8571428571428571,0.8571428571428571,0.8571428571428571,0.84
85,0.3784259685448238,0.8660714285714286,0.875,0.859375,0.8484848484848485
86,0.34861046075820923,0.8928571428571429,0.9183673469387755,0.873015873015873,0.8823529411764707
87,0.3503652129854475,0.875,0.875,0.875,0.8571428571428572
88,0.35025307536125183,0.9017857142857143,0.92,0.8870967741935484,0.8932038834951457
89,0.34279911858694895,0.9017857142857143,0.88,0.9193548387096774,0.888888888888889
90,0.3418924169881003,0.8928571428571429,0.8936170212765957,0.8923076923076924,0.875
91,0.3301653563976288,0.9196428571428571,0.9148936170212766,0.9230769230769231,0.9052631578947369
92,0.35862691487584797,0.8660714285714286,0.875,0.859375,0.8484848484848485
93,0.35944672567503794,0.8660714285714286,0.8775510204081632,0.8571428571428571,0.8514851485148514
94,0.3389195586953844,0.8660714285714286,0.8936170212765957,0.8461538461538461,0.8484848484848485
95,0.33375791140965055,0.8660714285714286,0.875,0.859375,0.8484848484848485
96,0.3372894121067865,0.9017857142857143,0.9166666666666666,0.890625,0.888888888888889
97,0.3010435232094356,0.9196428571428571,0.9166666666666666,0.921875,0.9072164948453607
98,0.3288067366395678,0.9196428571428571,0.9361702127659575,0.9076923076923077,0.9072164948453608
99,0.31434008479118347,0.9285714285714286,0.94,0.9193548387096774,0.9215686274509804
100,0.2979518153837749,0.9553571428571429,0.9215686274509803,0.9836065573770492,0.9494949494949494
101,0.33100491549287525,0.875,0.8979591836734694,0.8571428571428571,0.8627450980392157
102,0.28255438378879,0.9732142857142857,0.9583333333333334,0.984375,0.968421052631579
103,0.3397249366555895,0.8839285714285714,0.88,0.8870967741935484,0.8712871287128714
104,0.29302061242716654,0.9107142857142857,0.9148936170212766,0.9076923076923077,0.8958333333333333
105,0.31785109639167786,0.9285714285714286,0.9,0.9516129032258065,0.9183673469387755
106,0.2939069483961378,0.9107142857142857,0.9215686274509803,0.9016393442622951,0.9038461538461539
107,0.27813264301845003,0.9642857142857143,0.9565217391304348,0.9696969696969697,0.9565217391304348
108,0.2730149562869753,0.9285714285714286,0.9166666666666666,0.9375,0.9166666666666666
109,0.2816100823027747,0.9196428571428571,0.9411764705882353,0.9016393442622951,0.9142857142857143
110,0.24869041570595332,0.9642857142857143,0.9583333333333334,0.96875,0.9583333333333334
111,0.30706691316195894,0.9196428571428571,0.8958333333333334,0.9375,0.9052631578947369
112,0.305878609418869,0.9107142857142857,0.9,0.9193548387096774,0.9
113,0.271045446395874,0.9642857142857143,0.9183673469387755,1.0,0.9574468085106383
114,0.28735474390642984,0.9196428571428571,0.9183673469387755,0.9206349206349206,0.9090909090909091
115,0.2962702768189566,0.9196428571428571,0.9183673469387755,0.9206349206349206,0.9090909090909091
116,0.2948021611997059,0.9196428571428571,0.8958333333333334,0.9375,0.9052631578947369
117,0.3001355656555721,0.8928571428571429,0.8541666666666666,0.921875,0.8723404255319149
118,0.257484570145607,0.9553571428571429,0.94,0.967741935483871,0.9494949494949495
119,0.265874126127788,0.9375,0.9183673469387755,0.9523809523809523,0.9278350515463918
120,0.2767086901835033,0.9464285714285714,0.9166666666666666,0.96875,0.9361702127659574
121,0.23783748277596065,0.9553571428571429,0.9215686274509803,0.9836065573770492,0.9494949494949494
122,0.2415865617138999,0.9553571428571429,0.9166666666666666,0.984375,0.946236559139785
123,0.29348806611129213,0.9107142857142857,0.875,0.9375,0.8936170212765957
124,0.24745899438858032,0.9375,0.9183673469387755,0.9523809523809523,0.9278350515463918
125,0.23601259078298295,0.9642857142857143,0.94,0.9838709677419355,0.9591836734693877
126,0.24845876864024571,0.9553571428571429,0.9387755102040817,0.9682539682539683,0.9484536082474228
127,0.23554162042481558,0.9464285714285714,0.9183673469387755,0.9682539682539683,0.9375000000000001
128,0.2382048921925681,0.9464285714285714,0.9791666666666666,0.921875,0.9400000000000001
129,0.22733624705246516,0.9642857142857143,0.9591836734693877,0.9682539682539683,0.9591836734693877
130,0.26171282146658215,0.9375,0.9387755102040817,0.9365079365079365,0.9292929292929293
131,0.2742553459746497,0.9196428571428571,0.9148936170212766,0.9230769230769231,0.9052631578947369
132,0.24494829773902893,0.9375,0.9183673469387755,0.9523809523809523,0.9278350515463918
133,0.22771563700267247,0.9464285714285714,0.92,0.967741935483871,0.9387755102040817
134,0.20783465674945287,0.9821428571428571,0.96,1.0,0.9795918367346939
135,0.21746981569698878,0.9642857142857143,0.9361702127659575,0.9846153846153847,0.9565217391304347
136,0.22341719269752502,0.9553571428571429,0.96,0.9516129032258065,0.9504950495049505
137,0.22609844165188925,0.9553571428571429,0.8958333333333334,1.0,0.945054945054945
138,0.19657109677791595,0.9642857142857143,0.9583333333333334,0.96875,0.9583333333333334
139,0.20722984629017965,0.9732142857142857,0.96,0.9838709677419355,0.9696969696969697
140,0.25451785964625223,0.9196428571428571,0.8936170212765957,0.9384615384615385,0.9032258064516129
141,0.22565245841230666,0.9642857142857143,0.9803921568627451,0.9508196721311475,0.9615384615384616
142,0.19847949700696127,0.9642857142857143,0.9183673469387755,1.0,0.9574468085106383
143,0.22464899718761444,0.9464285714285714,0.9148936170212766,0.9692307692307692,0.9347826086956522
144,0.19500944976295745,0.9553571428571429,0.9777777777777777,0.9402985074626866,0.946236559139785
145,0.19790598962988173,0.9642857142857143,0.9375,0.984375,0.9574468085106383
146,0.19954986550978251,0.9732142857142857,0.9375,1.0,0.967741935483871
147,0.21855371764728002,0.9821428571428571,0.9772727272727273,0.9852941176470589,0.9772727272727273
148,0.1984378695487976,0.9553571428571429,0.9795918367346939,0.9365079365079365,0.9504950495049506
149,0.19520719988005503,0.9642857142857143,0.9615384615384616,0.9666666666666667,0.9615384615384616
150,0.18363633645432337,0.9642857142857143,0.9795918367346939,0.9523809523809523,0.96
151,0.22181392248187745,0.9375,0.9411764705882353,0.9344262295081968,0.9320388349514563
152,0.17292159157139914,0.9910714285714286,1.0,0.9838709677419355,0.99009900990099
153,0.1805067424263273,0.9910714285714286,1.0,0.9841269841269841,0.98989898989899
154,0.18341573753527232,0.9732142857142857,0.96,0.9838709677419355,0.9696969696969697
155,0.2087032518216542,0.9642857142857143,0.9795918367346939,0.9523809523809523,0.96
156,0.19081492934908187,0.9642857142857143,0.9591836734693877,0.9682539682539683,0.9591836734693877
157,0.20466784494263784,0.9553571428571429,0.9787234042553191,0.9384615384615385,0.9484536082474226
158,0.16740008337157114,0.9821428571428571,0.9607843137254902,1.0,0.98
159,0.1636617449777467,0.9821428571428571,0.9583333333333334,1.0,0.9787234042553191
160,0.18892065967832292,0.9732142857142857,0.9583333333333334,0.984375,0.968421052631579
161,0.17588850855827332,0.9642857142857143,0.98,0.9516129032258065,0.9607843137254902
162,0.17560925547565734,0.9553571428571429,0.9387755102040817,0.9682539682539683,0.9484536082474228
163,0.1695617926972253,0.9910714285714286,1.0,0.9848484848484849,0.989247311827957
164,0.19493560705866134,0.9732142857142857,0.9361702127659575,1.0,0.967032967032967
165,0.1540620465363775,0.9821428571428571,1.0,0.9682539682539683,0.98
166,0.17494473606348038,0.9642857142857143,0.9591836734693877,0.9682539682539683,0.9591836734693877
167,0.1691836097410747,0.9642857142857143,1.0,0.9393939393939394,0.9583333333333334
168,0.1666827148624829,0.9642857142857143,0.96,0.967741935483871,0.96
169,0.16324662204299653,0.9732142857142857,0.94,1.0,0.9690721649484536
170,0.15815429708787374,0.9910714285714286,1.0,0.9841269841269841,0.98989898989899
171,0.15384342787521227,0.9910714285714286,0.98,1.0,0.98989898989899
172,0.18505749851465225,0.9642857142857143,0.9591836734693877,0.9682539682539683,0.9591836734693877
173,0.13525664806365967,0.9910714285714286,0.9791666666666666,1.0,0.9894736842105264
174,0.1377964030419077,0.9821428571428571,0.9795918367346939,0.9841269841269841,0.9795918367346939
175,0.1707877101642745,0.9553571428571429,0.9591836734693877,0.9523809523809523,0.9494949494949495
176,0.14282559071268355,0.9821428571428571,0.9607843137254902,1.0,0.98
177,0.14592406472989491,0.9910714285714286,1.0,0.984375,0.9896907216494846
178,0.152752619768892,0.9910714285714286,0.9795918367346939,1.0,0.9896907216494846
179,0.160398397062506,0.9553571428571429,0.98,0.9354838709677419,0.9514563106796116
180,0.12863845697471074,1.0,1.0,1.0,1.0
181,0.1372417477624757,0.9910714285714286,1.0,0.984375,0.9896907216494846
182,0.12539103946515492,1.0,1.0,1.0,1.0
183,0.16069553792476654,0.9642857142857143,0.9574468085106383,0.9692307692307692,0.9574468085106385
184,0.13085756663765227,0.9821428571428571,1.0,0.9682539682539683,0.98
185,0.164982975593635,0.9732142857142857,1.0,0.9516129032258065,0.970873786407767
186,0.12860644182988576,0.9910714285714286,0.98,1.0,0.98989898989899
187,0.1330690628715924,0.9910714285714286,1.0,0.9841269841269841,0.98989898989899
188,0.1556196947182928,0.9732142857142857,0.9375,1.0,0.967741935483871
189,0.13869310809033258,0.9732142857142857,0.9583333333333334,0.984375,0.968421052631579
190,0.1357568119253431,1.0,1.0,1.0,1.0
191,0.11018366260187966,1.0,1.0,1.0,1.0
192,0.1612727056656565,0.9464285714285714,0.9387755102040817,0.9523809523809523,0.9387755102040817
193,0.1342305839061737,0.9910714285714286,0.98,1.0,0.98989898989899
194,0.12018978276423045,1.0,1.0,1.0,1.0
195,0.12494151400668281,0.9821428571428571,0.9803921568627451,0.9836065573770492,0.9803921568627451
196,0.1937257977468627,0.9375,1.0,0.8888888888888888,0.9333333333333333
197,0.14905017295054027,0.9732142857142857,0.9791666666666666,0.96875,0.9690721649484536
198,0.11002639361790248,1.0,1.0,1.0,1.0
199,0.10009191398109708,0.9910714285714286,1.0,0.9836065573770492,0.9902912621359222
200,0.10840008407831192,1.0,1.0,1.0,1.0
201,0.11628223210573196,1.0,1.0,1.0,1.0
202,0.15558284308229173,0.9553571428571429,0.9574468085106383,0.9538461538461539,0.9473684210526315
203,0.12152541535241264,0.9910714285714286,1.0,0.984375,0.9896907216494846
204,0.10742913825171334,0.9910714285714286,0.98,1.0,0.98989898989899
205,0.1050565562077931,1.0,1.0,1.0,1.0
206,0.1443391665816307,0.9910714285714286,0.9787234042553191,1.0,0.989247311827957
207,0.16816998911755426,0.9553571428571429,1.0,0.9230769230769231,0.9494949494949495
208,0.10489262640476227,0.9910714285714286,1.0,0.984375,0.9896907216494846
209,0.1024798181440149,1.0,1.0,1.0,1.0
210,0.10127878135868482,0.9910714285714286,0.98,1.0,0.98989898989899
211,0.11033430695533752,1.0,1.0,1.0,1.0
212,0.13428910502365657,0.9732142857142857,0.9795918367346939,0.9682539682539683,0.9696969696969697
213,0.15994425863027573,0.9732142857142857,1.0,0.9508196721311475,0.9714285714285714
214,0.11854648057903562,0.9821428571428571,1.0,0.9682539682539683,0.98
215,0.0871752303625856,1.0,1.0,1.0,1.0
216,0.09861929448587554,0.9821428571428571,1.0,0.96875,0.9795918367346939
217,0.10187235793897084,0.9910714285714286,1.0,0.984375,0.9896907216494846
218,0.09101902533854757,1.0,1.0,1.0,1.0
219,0.09964282704251153,0.9910714285714286,1.0,0.984375,0.9896907216494846
220,0.08948917048318046,1.0,1.0,1.0,1.0
221,0.1440058456999915,0.9732142857142857,1.0,0.9516129032258065,0.970873786407767
222,0.08445995460663523,1.0,1.0,1.0,1.0
223,0.11918573773333005,0.9821428571428571,0.9791666666666666,0.984375,0.9791666666666666
224,0.09003024441855294,1.0,1.0,1.0,1.0
225,0.11611452592270714,0.9910714285714286,0.9791666666666666,1.0,0.9894736842105264
226,0.10254929587244987,1.0,1.0,1.0,1.0
227,0.0996707012610776,0.9821428571428571,1.0,0.96875,0.9795918367346939
228,0.0966144587312426,0.9910714285714286,1.0,0.9841269841269841,0.98989898989899
229,0.10533057578972407,1.0,1.0,1.0,1.0
230,0.07117052535925593,1.0,1.0,1.0,1.0
231,0.0710204408637115,1.0,1.0,1.0,1.0
232,0.07964993374688285,1.0,1.0,1.0,1.0
233,0.07196249599967684,1.0,1.0,1.0,1.0
234,0.10221264245254653,0.9910714285714286,1.0,0.984375,0.9896907216494846
235,0.10849886893161706,0.9732142857142857,0.9583333333333334,0.984375,0.968421052631579
236,0.0697195732167789,1.0,1.0,1.0,1.0
237,0.09204680525830813,0.9910714285714286,1.0,0.9846153846153847,0.9894736842105264
238,0.0824699726487909,1.0,1.0,1.0,1.0
239,0.07101308980158397,1.0,1.0,1.0,1.0
240,0.09349399911505836,0.9910714285714286,1.0,0.984375,0.9896907216494846
241,0.08213227614760399,1.0,1.0,1.0,1.0
242,0.08971117756196431,1.0,1.0,1.0,1.0
243,0.09062781451003891,0.9821428571428571,0.98,0.9838709677419355,0.98
244,0.08039380663207599,1.0,1.0,1.0,1.0
245,0.08026999873774392,1.0,1.0,1.0,1.0
246,0.06675140666110176,1.0,1.0,1.0,1.0
247,0.08810266586286682,0.9821428571428571,1.0,0.96875,0.9795918367346939
248,0.08391688444784709,1.0,1.0,1.0,1.0
249,0.05947326709117208,1.0,1.0,1.0,1.0
250,0.12800087194357598,0.9642857142857143,1.0,0.9384615384615385,0.9591836734693878
251,0.07124606094190053,0.9910714285714286,1.0,0.984375,0.9896907216494846
252,0.06678484433463641,1.0,1.0,1.0,1.0
253,0.10556189556206975,0.9732142857142857,1.0,0.953125,0.9696969696969697
254,0.08441604993173055,1.0,1.0,1.0,1.0
255,0.05955385097435543,1.0,1.0,1.0,1.0
256,0.0996222724871976,0.9732142857142857,0.9787234042553191,0.9692307692307692,0.968421052631579
257,0.07722752913832664,0.9910714285714286,1.0,0.9841269841269841,0.98989898989899
258,0.06725580511348588,1.0,1.0,1.0,1.0
259,0.10582916917545455,0.9732142857142857,1.0,0.9552238805970149,0.967741935483871
260,0.06544118747115135,1.0,1.0,1.0,1.0
261,0.10927435276763779,0.9821428571428571,1.0,0.96875,0.9795918367346939
262,0.07129099645784923,1.0,1.0,1.0,1.0
263,0.08274046650954656,0.9910714285714286,1.0,0.984375,0.9896907216494846
264,0.08315389177628926,0.9821428571428571,1.0,0.9682539682539683,0.98
265,0.08487251347729138,0.9910714285714286,1.0,0.9846153846153847,0.9894736842105264
266,0.06898462346621922,1.0,1.0,1.0,1.0
267,0.050737615674734116,1.0,1.0,1.0,1.0
268,0.054792397788592746,1.0,1.0,1.0,1.0
269,0.06071138967360769,1.0,1.0,1.0,1.0
270,0.04775550588965416,1.0,1.0,1.0,1.0
271,0.06744901676263128,1.0,1.0,1.0,1.0
272,0.07572197701249804,1.0,1.0,1.0,1.0
273,0.05263506355030196,1.0,1.0,1.0,1.0
274,0.06351183035543986,1.0,1.0,1.0,1.0
275,0.05793790492628302,1.0,1.0,1.0,1.0
276,0.058449410434280126,1.0,1.0,1.0,1.0
277,0.04904992612344878,1.0,1.0,1.0,1.0
278,0.05214087292551994,1.0,1.0,1.0,1.0
279,0.0825818654681955,0.9821428571428571,1.0,0.9682539682539683,0.98
280,0.0663215129503182,1.0,1.0,1.0,1.0
281,0.07123947835394315,1.0,1.0,1.0,1.0
282,0.0868857279419899,0.9910714285714286,1.0,0.9846153846153847,0.9894736842105264
283,0.04656819812953472,1.0,1.0,1.0,1.0
284,0.04319494829646179,1.0,1.0,1.0,1.0
285,0.06696068841431822,0.9910714285714286,1.0,0.9852941176470589,0.9887640449438202
286,0.04724193337772574,1.0,1.0,1.0,1.0
287,0.04694443861288684,1.0,1.0,1.0,1.0
288,0.050282198669654984,1.0,1.0,1.0,1.0
289,0.05663713254034519,1.0,1.0,1.0,1.0
290,0.06021302246621677,1.0,1.0,1.0,1.0
291,0.0685365881238665,1.0,1.0,1.0,1.0
292,0.04927438098405089,1.0,1.0,1.0,1.0
293,0.04819223737078054,1.0,1.0,1.0,1.0
294,0.06369240581989288,1.0,1.0,1.0,1.0
295,0.06033170063580785,1.0,1.0,1.0,1.0
296,0.09061088918575219,0.9910714285714286,1.0,0.9848484848484849,0.989247311827957
297,0.04618654293673379,1.0,1.0,1.0,1.0
298,0.03449922986328602,1.0,1.0,1.0,1.0
299,0.04464852171284812,1.0,1.0,1.0,1.0
300,0.05783657303878239,1.0,1.0,1.0,1.0
301,0.0620234278695924,1.0,1.0,1.0,1.0
302,0.04418417651738439,1.0,1.0,1.0,1.0
303,0.03765359254820006,1.0,1.0,1.0,1.0
304,0.05417369306087494,1.0,1.0,1.0,1.0
305,0.06826099114758628,0.9910714285714286,1.0,0.984375,0.9896907216494846
306,0.04545128132615771,1.0,1.0,1.0,1.0
307,0.051259864387767654,1.0,1.0,1.0,1.0
308,0.05236868081348283,1.0,1.0,1.0,1.0
309,0.04062059308801379,1.0,1.0,1.0,1.0
310,0.06055484712123871,0.9910714285714286,0.98,1.0,0.98989898989899
311,0.03861944643514497,1.0,1.0,1.0,1.0
312,0.08165471681526729,0.9910714285714286,1.0,0.984375,0.9896907216494846
313,0.0574407832963126,1.0,1.0,1.0,1.0
314,0.05520082318357059,1.0,1.0,1.0,1.0
315,0.03387755474873951,1.0,1.0,1.0,1.0
316,0.059228122766528814,0.9910714285714286,1.0,0.9846153846153847,0.9894736842105264
317,0.04964624930705343,1.0,1.0,1.0,1.0
318,0.04782819002866745,1.0,1.0,1.0,1.0
319,0.05052179470658302,1.0,1.0,1.0,1.0
320,0.05191474061991487,1.0,1.0,1.0,1.0
321,0.04186786524951458,1.0,1.0,1.0,1.0
322,0.05823328239577157,1.0,1.0,1.0,1.0
323,0.030241438187658787,1.0,1.0,1.0,1.0
324,0.06199202686548233,1.0,1.0,1.0,1.0
325,0.03153680291559015,1.0,1.0,1.0,1.0
326,0.05413627385028771,0.9910714285714286,1.0,0.9846153846153847,0.9894736842105264
327,0.036308515284742625,1.0,1.0,1.0,1.0
328,0.04968415041054998,1.0,1.0,1.0,1.0
329,0.03313512514744486,1.0,1.0,1.0,1.0
330,0.030472093394824436,1.0,1.0,1.0,1.0
331,0.029373927574072565,1.0,1.0,1.0,1.0
332,0.0559026694723538,1.0,1.0,1.0,1.0
333,0.055847303941845894,1.0,1.0,1.0,1.0
334,0.05109889140086515,1.0,1.0,1.0,1.0
335,0.03684469658349242,1.0,1.0,1.0,1.0
336,0.03361751378646919,1.0,1.0,1.0,1.0
337,0.0386143976024219,1.0,1.0,1.0,1.0
338,0.04931943890239511,1.0,1.0,1.0,1.0
339,0.03396798497331994,1.0,1.0,1.0,1.0
340,0.028792122112853185,1.0,1.0,1.0,1.0
341,0.03509826851742608,1.0,1.0,1.0,1.0
342,0.031126143676894053,1.0,1.0,1.0,1.0
343,0.05193362198770046,0.9910714285714286,1.0,0.984375,0.9896907216494846
344,0.025658946484327316,1.0,1.0,1.0,1.0
345,0.04842287488281727,1.0,1.0,1.0,1.0
346,0.024952132121792862,1.0,1.0,1.0,1.0
347,0.03229500127157995,1.0,1.0,1.0,1.0
348,0.05098827475947993,1.0,1.0,1.0,1.0
349,0.030626260143305575,1.0,1.0,1.0,1.0
350,0.03836275929851191,1.0,1.0,1.0,1.0
351,0.023749276463474547,1.0,1.0,1.0,1.0
352,0.0326792025672538,1.0,1.0,1.0,1.0
353,0.026450323473129953,1.0,1.0,1.0,1.0
354,0.029769839452845708,1.0,1.0,1.0,1.0
355,0.04474443436733314,1.0,1.0,1.0,1.0
356,0.021937988432390348,1.0,1.0,1.0,1.0
357,0.02746621412890298,1.0,1.0,1.0,1.0
358,0.026899012603930066,1.0,1.0,1.0,1.0
359,0.025621618809444562,1.0,1.0,1.0,1.0
360,0.0697338203234332,1.0,1.0,1.0,1.0
361,0.03121660915868623,1.0,1.0,1.0,1.0
362,0.03954388041581426,1.0,1.0,1.0,1.0
363,0.038896978699735234,1.0,1.0,1.0,1.0
364,0.030102974735200405,1.0,1.0,1.0,1.0
365,0.046564913487860134,1.0,1.0,1.0,1.0
366,0.06056422074990613,1.0,1.0,1.0,1.0
367,0.02545305767229625,1.0,1.0,1.0,1.0
368,0.02155256364494562,1.0,1.0,1.0,1.0
369,0.0611583251239998,0.9732142857142857,1.0,0.9516129032258065,0.970873786407767
370,0.02039612483765398,1.0,1.0,1.0,1.0
371,0.03348707727023533,1.0,1.0,1.0,1.0
372,0.041558527919862955,1.0,1.0,1.0,1.0
373,0.02957215758838824,1.0,1.0,1.0,1.0
374,0.023323415778577328,1.0,1.0,1.0,1.0
375,0.018687321272279536,1.0,1.0,1.0,1.0
376,0.02662348254982914,1.0,1.0,1.0,1.0
377,0.018128528924924985,1.0,1.0,1.0,1.0
378,0.020556007378867695,1.0,1.0,1.0,1.0
379,0.025148500954466208,1.0,1.0,1.0,1.0
380,0.02485467174223491,1.0,1.0,1.0,1.0
381,0.019991778502506868,1.0,1.0,1.0,1.0
382,0.022378907272858278,1.0,1.0,1.0,1.0
383,0.016179858706891537,1.0,1.0,1.0,1.0
384,0.035721540983234136,1.0,1.0,1.0,1.0
385,0.01703881472349167,1.0,1.0,1.0,1.0
386,0.026639534293540885,1.0,1.0,1.0,1.0
387,0.03125107434711286,1.0,1.0,1.0,1.0
388,0.03344177973589727,1.0,1.0,1.0,1.0
389,0.039183491974004676,1.0,1.0,1.0,1.0
390,0.05619912927172014,1.0,1.0,1.0,1.0
391,0.026953850407153368,1.0,1.0,1.0,1.0
392,0.02205342666379043,1.0,1.0,1.0,1.0
393,0.023409277998975346,1.0,1.0,1.0,1.0
394,0.01729766186326742,1.0,1.0,1.0,1.0
395,0.023117055584277426,1.0,1.0,1.0,1.0
396,0.021597753944141523,1.0,1.0,1.0,1.0
397,0.020215937867760658,1.0,1.0,1.0,1.0
398,0.024525951328022138,1.0,1.0,1.0,1.0
399,0.019411524890788963,1.0,1.0,1.0,1.0
400,0.024020899353282794,1.0,1.0,1.0,1.0
401,0.024956312961876392,1.0,1.0,1.0,1.0
402,0.022976923068719252,1.0,1.0,1.0,1.0
403,0.030879953610045568,1.0,1.0,1.0,1.0
404,0.023099991492927074,1.0,1.0,1.0,1.0
405,0.02358000978295292,1.0,1.0,1.0,1.0
406,0.03180381469428539,1.0,1.0,1.0,1.0
407,0.021222351850675687,1.0,1.0,1.0,1.0
408,0.016317957879177163,1.0,1.0,1.0,1.0
409,0.015525024982967548,1.0,1.0,1.0,1.0
410,0.02256848569959402,1.0,1.0,1.0,1.0
411,0.018377785570919514,1.0,1.0,1.0,1.0
412,0.01598343046914254,1.0,1.0,1.0,1.0
413,0.015771318160529648,1.0,1.0,1.0,1.0
414,0.0197304948233068,1.0,1.0,1.0,1.0
415,0.023667539869035994,1.0,1.0,1.0,1.0
416,0.0205695358371096,1.0,1.0,1.0,1.0
417,0.013775812129357032,1.0,1.0,1.0,1.0
418,0.0349115143929209,0.9910714285714286,1.0,0.984375,0.9896907216494846
419,0.015516231501741069,1.0,1.0,1.0,1.0
420,0.026402926005955254,1.0,1.0,1.0,1.0
421,0.029713308106043508,1.0,1.0,1.0,1.0
422,0.01564752483474357,1.0,1.0,1.0,1.0
423,0.013198508348848139,1.0,1.0,1.0,1.0
424,0.029574696639818803,1.0,1.0,1.0,1.0
425,0.02097173680418304,1.0,1.0,1.0,1.0
426,0.03089507416422878,1.0,1.0,1.0,1.0
427,0.02060235052236489,1.0,1.0,1.0,1.0
428,0.026189908451799835,1.0,1.0,1.0,1.0
429,0.019895671999880245,1.0,1.0,1.0,1.0
430,0.024058938957750797,1.0,1.0,1.0,1.0
431,0.017140425608626435,1.0,1.0,1.0,1.0
432,0.023148694474782263,1.0,1.0,1.0,1.0
433,0.029580516308279976,1.0,1.0,1.0,1.0
434,0.012614155587341105,1.0,1.0,1.0,1.0
435,0.017926531710794995,1.0,1.0,1.0,1.0
436,0.02974490894536887,1.0,1.0,1.0,1.0
437,0.018285754535879408,1.0,1.0,1.0,1.0
438,0.030036347252982005,1.0,1.0,1.0,1.0
439,0.014669708907604218,1.0,1.0,1.0,1.0
440,0.026277705494846617,1.0,1.0,1.0,1.0
441,0.013140421959438495,1.0,1.0,1.0,1.0
442,0.03141408686393073,1.0,1.0,1.0,1.0
443,0.01922607441831912,1.0,1.0,1.0,1.0
444,0.012972522926117693,1.0,1.0,1.0,1.0
445,0.015137737417327506,1.0,1.0,1.0,1.0
446,0.03202880486579878,1.0,1.0,1.0,1.0
447,0.009588197405849184,1.0,1.0,1.0,1.0
448,0.019087024365684817,1.0,1.0,1.0,1.0
449,0.015109001326241664,1.0,1.0,1.0,1.0
450,0.018338514491915703,1.0,1.0,1.0,1.0
451,0.020302198228559325,1.0,1.0,1.0,1.0
452,0.020466156836066927,1.0,1.0,1.0,1.0
453,0.021225086878985167,1.0,1.0,1.0,1.0
454,0.0238420280095722,1.0,1.0,1.0,1.0
455,0.012797323454703604,1.0,1.0,1.0,1.0
456,0.013488480156021459,1.0,1.0,1.0,1.0
457,0.013330572850203939,1.0,1.0,1.0,1.0
458,0.025952362987611974,1.0,1.0,1.0,1.0
459,0.015766994562000036,1.0,1.0,1.0,1.0
460,0.012559384240635805,1.0,1.0,1.0,1.0
461,0.009117433934339456,1.0,1.0,1.0,1.0
462,0.03471591829189232,0.9821428571428571,1.0,0.96875,0.9795918367346939
463,0.016932605566190823,1.0,1.0,1.0,1.0
464,0.015923751584653343,1.0,1.0,1.0,1.0
465,0.01300564847354378,1.0,1.0,1.0,1.0
466,0.011191396707934993,1.0,1.0,1.0,1.0
467,0.013100368502948965,1.0,1.0,1.0,1.0
468,0.014276648605508464,1.0,1.0,1.0,1.0
469,0.028719482677323476,1.0,1.0,1.0,1.0
470,0.01764026384002396,1.0,1.0,1.0,1.0
471,0.00849814313863005,1.0,1.0,1.0,1.0
472,0.01157890965363809,1.0,1.0,1.0,1.0
473,0.016831165312656333,1.0,1.0,1.0,1.0
474,0.015606236244950975,1.0,1.0,1.0,1.0
475,0.017375833887074674,1.0,1.0,1.0,1.0
476,0.029198930665318455,1.0,1.0,1.0,1.0
477,0.027695388000990664,0.9910714285714286,1.0,0.9848484848484849,0.989247311827957
478,0.028102166817656586,1.0,1.0,1.0,1.0
479,0.02042388084477612,1.0,1.0,1.0,1.0
480,0.01373334541650755,1.0,1.0,1.0,1.0
481,0.008717768492975406,1.0,1.0,1.0,1.0
482,0.009498981559383017,1.0,1.0,1.0,1.0
483,0.02055919509647148,1.0,1.0,1.0,1.0
484,0.013049988674798183,1.0,1.0,1.0,1.0
485,0.029125625932855264,1.0,1.0,1.0,1.0
486,0.008751853236130305,1.0,1.0,1.0,1.0
487,0.02244731331510203,1.0,1.0,1.0,1.0
488,0.014589140258197273,1.0,1.0,1.0,1.0
489,0.0371636171559138,1.0,1.0,1.0,1.0
490,0.013476921378501825,1.0,1.0,1.0,1.0
491,0.014640923190329756,1.0,1.0,1.0,1.0
492,0.007895569915750198,1.0,1.0,1.0,1.0
493,0.009369005981300558,1.0,1.0,1.0,1.0
494,0.016184559989986674,1.0,1.0,1.0,1.0
495,0.01207006988780839,1.0,1.0,1.0,1.0
496,0.00995980213130159,1.0,1.0,1.0,1.0
497,0.01859877278496112,1.0,1.0,1.0,1.0
498,0.015581205620297365,1.0,1.0,1.0,1.0
499,0.017090587011937584,1.0,1.0,1.0,1.0
500,0.011758909693786077,1.0,1.0,1.0,1.0
501,0.009506463339286191,1.0,1.0,1.0,1.0
502,0.014737241635365146,1.0,1.0,1.0,1.0
503,0.01604405471256801,1.0,1.0,1.0,1.0
504,0.005685672363532441,1.0,1.0,1.0,1.0
505,0.015305001820836748,1.0,1.0,1.0,1.0
506,0.01720444149603801,1.0,1.0,1.0,1.0
507,0.01547565677070192,1.0,1.0,1.0,1.0
508,0.009971805582089084,1.0,1.0,1.0,1.0
509,0.008642220936183418,1.0,1.0,1.0,1.0
510,0.019575534721038172,1.0,1.0,1.0,1.0
511,0.03417370794340968,1.0,1.0,1.0,1.0
512,0.00917360482604376,1.0,1.0,1.0,1.0
513,0.009436550649947353,1.0,1.0,1.0,1.0
514,0.010018455130713326,1.0,1.0,1.0,1.0
515,0.009527915922392691,1.0,1.0,1.0,1.0
516,0.009621272129671914,1.0,1.0,1.0,1.0
517,0.008086140832996793,1.0,1.0,1.0,1.0
518,0.020652694028935263,1.0,1.0,1.0,1.0
519,0.006029656422989709,1.0,1.0,1.0,1.0
520,0.013102349625634295,1.0,1.0,1.0,1.0
521,0.009091135180954422,1.0,1.0,1.0,1.0
522,0.01018932817636856,1.0,1.0,1.0,1.0
523,0.010382097347506456,1.0,1.0,1.0,1.0
524,0.009865561433668648,1.0,1.0,1.0,1.0
525,0.01619628830147641,1.0,1.0,1.0,1.0
526,0.007060823163815907,1.0,1.0,1.0,1.0
527,0.01785799817714308,1.0,1.0,1.0,1.0
528,0.01472790033689567,1.0,1.0,1.0,1.0
529,0.01251843704708985,1.0,1.0,1.0,1.0
530,0.006141258170828223,1.0,1.0,1.0,1.0
531,0.01743788312056235,1.0,1.0,1.0,1.0
532,0.007631628973675626,1.0,1.0,1.0,1.0
533,0.0062927855511329,1.0,1.0,1.0,1.0
534,0.007430458275069084,1.0,1.0,1.0,1.0
535,0.013526421339650239,1.0,1.0,1.0,1.0
536,0.012412776172693287,1.0,1.0,1.0,1.0
537,0.005575051265103477,1.0,1.0,1.0,1.0
538,0.016071320112262453,1.0,1.0,1.0,1.0
539,0.021880977920123508,1.0,1.0,1.0,1.0
540,0.014981738956911224,1.0,1.0,1.0,1.0
541,0.0251572278461286,1.0,1.0,1.0,1.0
542,0.005429344018921256,1.0,1.0,1.0,1.0
543,0.007482244699661221,1.0,1.0,1.0,1.0
544,0.02026001563561814,1.0,1.0,1.0,1.0
545,0.014485784407172884,1.0,1.0,1.0,1.0
546,0.010264976249475564,1.0,1.0,1.0,1.0
547,0.008870863754834448,1.0,1.0,1.0,1.0
548,0.0055979416772191015,1.0,1.0,1.0,1.0
549,0.006210617155634931,1.0,1.0,1.0,1.0
550,0.011493128291996462,1.0,1.0,1.0,1.0
551,0.009532222324716193,1.0,1.0,1.0,1.0
552,0.016286602775965418,1.0,1.0,1.0,1.0
553,0.009633039024525456,1.0,1.0,1.0,1.0
554,0.011140793196058698,1.0,1.0,1.0,1.0
555,0.00777409305529935,1.0,1.0,1.0,1.0
556,0.010159123788720794,1.0,1.0,1.0,1.0
557,0.006744518975860306,1.0,1.0,1.0,1.0
558,0.007307827239856124,1.0,1.0,1.0,1.0
559,0.007040579869811024,1.0,1.0,1.0,1.0
560,0.005807263044906514,1.0,1.0,1.0,1.0
561,0.0037076921933995827,1.0,1.0,1.0,1.0
562,0.008034659715901529,1.0,1.0,1.0,1.0
563,0.007314004137047699,1.0,1.0,1.0,1.0
564,0.0060203600275729385,1.0,1.0,1.0,1.0
565,0.011120222242815154,1.0,1.0,1.0,1.0
566,0.0094161333316671,1.0,1.0,1.0,1.0
567,0.011367110069841146,1.0,1.0,1.0,1.0
568,0.007240085596484798,1.0,1.0,1.0,1.0
569,0.02011140768549272,1.0,1.0,1.0,1.0
570,0.01712267240509391,1.0,1.0,1.0,1.0
571,0.011129868582689337,1.0,1.0,1.0,1.0
572,0.027299490358148302,1.0,1.0,1.0,1.0
573,0.03607882120247398,1.0,1.0,1.0,1.0
574,0.008814196701028518,1.0,1.0,1.0,1.0
575,0.005934511178306171,1.0,1.0,1.0,1.0
576,0.00920289255944746,1.0,1.0,1.0,1.0
577,0.006027831296835627,1.0,1.0,1.0,1.0
578,0.004242111429838198,1.0,1.0,1.0,1.0
579,0.015313457897199052,1.0,1.0,1.0,1.0
580,0.0049202111549675465,1.0,1.0,1.0,1.0
581,0.007168930855446628,1.0,1.0,1.0,1.0
582,0.004792652026351009,1.0,1.0,1.0,1.0
583,0.010118557871984584,1.0,1.0,1.0,1.0
584,0.012378891630630409,1.0,1.0,1.0,1.0
585,0.010858291793348534,1.0,1.0,1.0,1.0
586,0.0075645997920738796,1.0,1.0,1.0,1.0
587,0.012095569366855281,1.0,1.0,1.0,1.0
588,0.011745789953108345,1.0,1.0,1.0,1.0
589,0.005896089166136724,1.0,1.0,1.0,1.0
590,0.008778996117013906,1.0,1.0,1.0,1.0
591,0.006402770522981882,1.0,1.0,1.0,1.0
592,0.008228541750993048,1.0,1.0,1.0,1.0
593,0.005173259115378771,1.0,1.0,1.0,1.0
594,0.015122289287059434,1.0,1.0,1.0,1.0
595,0.006876516122637051,1.0,1.0,1.0,1.0
596,0.003770330355369619,1.0,1.0,1.0,1.0
597,0.015708184435165355,1.0,1.0,1.0,1.0
598,0.006771793522472892,1.0,1.0,1.0,1.0
599,0.01709501222441239,1.0,1.0,1.0,1.0
600,0.006882228256602373,1.0,1.0,1.0,1.0
601,0.008878335689327546,1.0,1.0,1.0,1.0
602,0.008283986011520028,1.0,1.0,1.0,1.0
603,0.012139612941869668,1.0,1.0,1.0,1.0
604,0.002938594968457307,1.0,1.0,1.0,1.0
605,0.034917216947568316,1.0,1.0,1.0,1.0
606,0.004967487882822752,1.0,1.0,1.0,1.0
607,0.009174023887940816,1.0,1.0,1.0,1.0
608,0.00773689746191459,1.0,1.0,1.0,1.0
609,0.022571215273014138,1.0,1.0,1.0,1.0
610,0.012611781878929054,1.0,1.0,1.0,1.0
611,0.02214279368386737,1.0,1.0,1.0,1.0
612,0.011124305160982268,1.0,1.0,1.0,1.0
613,0.007662041012996009,1.0,1.0,1.0,1.0
614,0.003784342369596873,1.0,1.0,1.0,1.0
615,0.005041013870920453,1.0,1.0,1.0,1.0
616,0.00859919998661748,1.0,1.0,1.0,1.0
617,0.006717735685275069,1.0,1.0,1.0,1.0
618,0.024218781585139886,1.0,1.0,1.0,1.0
619,0.01618873148358294,1.0,1.0,1.0,1.0
620,0.009173392517758268,1.0,1.0,1.0,1.0
621,0.008078352099151484,1.0,1.0,1.0,1.0
622,0.005138467016097691,1.0,1.0,1.0,1.0
623,0.011616689818246024,1.0,1.0,1.0,1.0
624,0.008753751836983221,1.0,1.0,1.0,1.0
625,0.004161116267953601,1.0,1.0,1.0,1.0
626,0.018681670339511975,1.0,1.0,1.0,1.0
627,0.009075037503082837,1.0,1.0,1.0,1.0
628,0.004993183837671365,1.0,1.0,1.0,1.0
629,0.022355279585878764,1.0,1.0,1.0,1.0
630,0.00863394427246281,1.0,1.0,1.0,1.0
631,0.0037737229140475392,1.0,1.0,1.0,1.0
632,0.005323587118514946,1.0,1.0,1.0,1.0
633,0.005104793734582407,1.0,1.0,1.0,1.0
634,0.00999075812952859,1.0,1.0,1.0,1.0
635,0.003642682235554925,1.0,1.0,1.0,1.0
636,0.006158573935473604,1.0,1.0,1.0,1.0
637,0.004201850005691605,1.0,1.0,1.0,1.0
638,0.00497423082457057,1.0,1.0,1.0,1.0
639,0.00357920047827065,1.0,1.0,1.0,1.0
640,0.004231574645798121,1.0,1.0,1.0,1.0
641,0.004958333447575569,1.0,1.0,1.0,1.0
642,0.01337274952259447,1.0,1.0,1.0,1.0
643,0.0036655926877366646,1.0,1.0,1.0,1.0
644,0.009570123561258827,1.0,1.0,1.0,1.0
645,0.00461979429902775,1.0,1.0,1.0,1.0
646,0.013004852558619209,1.0,1.0,1.0,1.0
647,0.007731391815468669,1.0,1.0,1.0,1.0
648,0.008670373154538018,1.0,1.0,1.0,1.0
649,0.008042679700468267,1.0,1.0,1.0,1.0
650,0.0068051688306565794,1.0,1.0,1.0,1.0
651,0.004452029459311494,1.0,1.0,1.0,1.0
652,0.0072097258110131535,1.0,1.0,1.0,1.0
653,0.0073479164857417345,1.0,1.0,1.0,1.0
654,0.005636242168423321,1.0,1.0,1.0,1.0
655,0.0031636456426765236,1.0,1.0,1.0,1.0
656,0.005018096882849932,1.0,1.0,1.0,1.0
657,0.00720618008303323,1.0,1.0,1.0,1.0
658,0.006129154386664075,1.0,1.0,1.0,1.0
659,0.025648824804063355,1.0,1.0,1.0,1.0
660,0.012371822027489543,1.0,1.0,1.0,1.0
661,0.0038479974692953484,1.0,1.0,1.0,1.0
662,0.012074549732330655,1.0,1.0,1.0,1.0
663,0.0035686969058588147,1.0,1.0,1.0,1.0
664,0.010726498107292823,1.0,1.0,1.0,1.0
665,0.010161889417629157,1.0,1.0,1.0,1.0
666,0.01105066022968718,1.0,1.0,1.0,1.0
667,0.00818294394827847,1.0,1.0,1.0,1.0
668,0.012550681696406432,1.0,1.0,1.0,1.0
669,0.0058642518041389325,1.0,1.0,1.0,1.0
670,0.003573328040407172,1.0,1.0,1.0,1.0
671,0.003680717499394502,1.0,1.0,1.0,1.0
672,0.007558903357546244,1.0,1.0,1.0,1.0
673,0.0051317660171272496,1.0,1.0,1.0,1.0
674,0.007648644586359816,1.0,1.0,1.0,1.0
675,0.006434785734329905,1.0,1.0,1.0,1.0
676,0.018690143279465183,1.0,1.0,1.0,1.0
677,0.005025146163201758,1.0,1.0,1.0,1.0
678,0.003666091460867652,1.0,1.0,1.0,1.0
679,0.004611966033865299,1.0,1.0,1.0,1.0
680,0.006531709788500198,1.0,1.0,1.0,1.0
681,0.006463856868711966,1.0,1.0,1.0,1.0
682,0.0039044813519077642,1.0,1.0,1.0,1.0
683,0.018896157420905575,1.0,1.0,1.0,1.0
684,0.010382057200851185,1.0,1.0,1.0,1.0
685,0.0050737745062048945,1.0,1.0,1.0,1.0
686,0.002971838810481131,1.0,1.0,1.0,1.0
687,0.0032756932279361145,1.0,1.0,1.0,1.0
688,0.005883798418965723,1.0,1.0,1.0,1.0
689,0.004474389000928828,1.0,1.0,1.0,1.0
690,0.009413845903639282,1.0,1.0,1.0,1.0
691,0.015680651646107435,1.0,1.0,1.0,1.0
692,0.0075968468528507015,1.0,1.0,1.0,1.0
693,0.006725110013836196,1.0,1.0,1.0,1.0
694,0.003107963063355003,1.0,1.0,1.0,1.0
695,0.004690634602281664,1.0,1.0,1.0,1.0
696,0.004951384517231158,1.0,1.0,1.0,1.0
697,0.010343594875718867,1.0,1.0,1.0,1.0
698,0.0032953279691615273,1.0,1.0,1.0,1.0
699,0.0028677353069984485,1.0,1.0,1.0,1.0
700,0.00742369336408696,1.0,1.0,1.0,1.0
701,0.01545860175974667,1.0,1.0,1.0,1.0
702,0.006142809205422444,1.0,1.0,1.0,1.0
703,0.011553477928308504,1.0,1.0,1.0,1.0
704,0.005534754134714603,1.0,1.0,1.0,1.0
705,0.004716576991735825,1.0,1.0,1.0,1.0
706,0.003688456440743591,1.0,1.0,1.0,1.0
707,0.005268929077179304,1.0,1.0,1.0,1.0
708,0.008914230707367616,1.0,1.0,1.0,1.0
709,0.003499559326363461,1.0,1.0,1.0,1.0
710,0.007697263682660248,1.0,1.0,1.0,1.0
711,0.0035574566406596985,1.0,1.0,1.0,1.0
712,0.004329288910542216,1.0,1.0,1.0,1.0
713,0.0077291920648089475,1.0,1.0,1.0,1.0
714,0.0025420362362638116,1.0,1.0,1.0,1.0
715,0.005669463093259505,1.0,1.0,1.0,1.0
716,0.007110017218760082,1.0,1.0,1.0,1.0
717,0.0066231979123715845,1.0,1.0,1.0,1.0
718,0.003715398205843355,1.0,1.0,1.0,1.0
719,0.0025322638019653304,1.0,1.0,1.0,1.0
720,0.0034171607278819594,1.0,1.0,1.0,1.0
721,0.006864630534047527,1.0,1.0,1.0,1.0
722,0.002373812986271722,1.0,1.0,1.0,1.0
723,0.006700444484262594,1.0,1.0,1.0,1.0
724,0.00596133671102247,1.0,1.0,1.0,1.0
725,0.016160710980849608,1.0,1.0,1.0,1.0
726,0.0027349754236638546,1.0,1.0,1.0,1.0
727,0.008450362931138702,1.0,1.0,1.0,1.0
728,0.0031685857268582496,1.0,1.0,1.0,1.0
729,0.005549841360854251,1.0,1.0,1.0,1.0
730,0.008135980859931027,1.0,1.0,1.0,1.0
731,0.002641177669699703,1.0,1.0,1.0,1.0
732,0.004925871633791498,1.0,1.0,1.0,1.0
733,0.009611183910497598,1.0,1.0,1.0,1.0
734,0.002786329248920083,1.0,1.0,1.0,1.0
735,0.002312013945941414,1.0,1.0,1.0,1.0
736,0.0028301785101315807,1.0,1.0,1.0,1.0
737,0.011685395646574242,1.0,1.0,1.0,1.0
738,0.005911277656975601,1.0,1.0,1.0,1.0
739,0.002652655854555113,1.0,1.0,1.0,1.0
740,0.003407442759323333,1.0,1.0,1.0,1.0
741,0.005309630351673279,1.0,1.0,1.0,1.0
742,0.003331138087170465,1.0,1.0,1.0,1.0
743,0.0028997826323445353,1.0,1.0,1.0,1.0
744,0.011988368550581592,1.0,1.0,1.0,1.0
745,0.016075454486001815,1.0,1.0,1.0,1.0
746,0.0051319381787574714,1.0,1.0,1.0,1.0
747,0.00531521876941302,1.0,1.0,1.0,1.0
748,0.00935126016182559,1.0,1.0,1.0,1.0
749,0.006503392958880535,1.0,1.0,1.0,1.0
750,0.0034423002673845205,1.0,1.0,1.0,1.0
751,0.013660185504704714,1.0,1.0,1.0,1.0
752,0.005555807080652032,1.0,1.0,1.0,1.0
753,0.0062232271136183825,1.0,1.0,1.0,1.0
754,0.0021863141862143365,1.0,1.0,1.0,1.0
755,0.0025773698996220317,1.0,1.0,1.0,1.0
756,0.002467344997317663,1.0,1.0,1.0,1.0
757,0.007220738334581256,1.0,1.0,1.0,1.0
758,0.0033961309984858546,1.0,1.0,1.0,1.0
759,0.0031190897072000162,1.0,1.0,1.0,1.0
760,0.005519529804587364,1.0,1.0,1.0,1.0
761,0.015996661403083375,1.0,1.0,1.0,1.0
762,0.006242587829806975,1.0,1.0,1.0,1.0
763,0.005783474289013871,1.0,1.0,1.0,1.0
764,0.008118580361562116,1.0,1.0,1.0,1.0
765,0.004198013272668634,1.0,1.0,1.0,1.0
766,0.007557073375210166,1.0,1.0,1.0,1.0
767,0.0036663494538515806,1.0,1.0,1.0,1.0
768,0.006584756101282048,1.0,1.0,1.0,1.0
769,0.009253815456759185,1.0,1.0,1.0,1.0
770,0.0028105523004861815,1.0,1.0,1.0,1.0
771,0.0023206424999183844,1.0,1.0,1.0,1.0
772,0.0294211946228253,1.0,1.0,1.0,1.0
773,0.004693038878031075,1.0,1.0,1.0,1.0
774,0.005239264357702008,1.0,1.0,1.0,1.0
775,0.012488539214245975,1.0,1.0,1.0,1.0
776,0.008979156979226641,1.0,1.0,1.0,1.0
777,0.004425816254557243,1.0,1.0,1.0,1.0
778,0.005713746982759663,1.0,1.0,1.0,1.0
779,0.005326613817097885,1.0,1.0,1.0,1.0
780,0.004875171247736684,1.0,1.0,1.0,1.0
781,0.001953385238136564,1.0,1.0,1.0,1.0
782,0.013987132963458342,1.0,1.0,1.0,1.0
783,0.004841786875788655,1.0,1.0,1.0,1.0
784,0.004023352887348405,1.0,1.0,1.0,1.0
785,0.0033426175193328944,1.0,1.0,1.0,1.0
786,0.0036719480163550804,1.0,1.0,1.0,1.0
787,0.013727074863189566,1.0,1.0,1.0,1.0
788,0.002150319375297321,1.0,1.0,1.0,1.0
789,0.0058749768733313045,1.0,1.0,1.0,1.0
790,0.0031301635650119613,1.0,1.0,1.0,1.0
791,0.0017534268886915275,1.0,1.0,1.0,1.0
792,0.0029638539833415833,1.0,1.0,1.0,1.0
793,0.007678870460949838,1.0,1.0,1.0,1.0
794,0.007133184491457152,1.0,1.0,1.0,1.0
795,0.01049484353279695,1.0,1.0,1.0,1.0
796,0.006170336755790881,1.0,1.0,1.0,1.0
797,0.002736445549609406,1.0,1.0,1.0,1.0
798,0.0017272949667780527,1.0,1.0,1.0,1.0
799,0.0040060375384720305,1.0,1.0,1.0,1.0
800,0.006060916265206677,1.0,1.0,1.0,1.0
801,0.0025100784343002097,1.0,1.0,1.0,1.0
802,0.006125216106218951,1.0,1.0,1.0,1.0
803,0.044476686943588514,0.9910714285714286,0.9791666666666666,1.0,0.9894736842105264
804,0.009627696991498982,1.0,1.0,1.0,1.0
805,0.0035517257638275623,1.0,1.0,1.0,1.0
806,0.0024838666265298215,1.0,1.0,1.0,1.0
807,0.0068923181388527155,1.0,1.0,1.0,1.0
808,0.004475737306555467,1.0,1.0,1.0,1.0
809,0.008699818314718348,1.0,1.0,1.0,1.0
810,0.0032275932441864696,1.0,1.0,1.0,1.0
811,0.0030739148247188757,1.0,1.0,1.0,1.0
812,0.002666149130423686,1.0,1.0,1.0,1.0
813,0.00715479880870719,1.0,1.0,1.0,1.0
814,0.008113604887122554,1.0,1.0,1.0,1.0
815,0.01006889685023842,1.0,1.0,1.0,1.0
816,0.003961453114503196,1.0,1.0,1.0,1.0
817,0.0022901498845645358,1.0,1.0,1.0,1.0
818,0.003294973517768085,1.0,1.0,1.0,1.0
819,0.0021902715255107197,1.0,1.0,1.0,1.0
820,0.0035470141862918225,1.0,1.0,1.0,1.0
821,0.003038905228355101,1.0,1.0,1.0,1.0
822,0.004756334237754345,1.0,1.0,1.0,1.0
823,0.0022418616489241166,1.0,1.0,1.0,1.0
824,0.0027581456233747303,1.0,1.0,1.0,1.0
825,0.0037519841820799877,1.0,1.0,1.0,1.0
826,0.004522577942615109,1.0,1.0,1.0,1.0
827,0.00265584939292499,1.0,1.0,1.0,1.0
828,0.00208671808442367,1.0,1.0,1.0,1.0
829,0.0034285536301987512,1.0,1.0,1.0,1.0
830,0.00594571214501879,1.0,1.0,1.0,1.0
831,0.001663874344168497,1.0,1.0,1.0,1.0
832,0.005955256139194327,1.0,1.0,1.0,1.0
833,0.0017305897449010185,1.0,1.0,1.0,1.0
834,0.0020256562025419305,1.0,1.0,1.0,1.0
835,0.001968905928411654,1.0,1.0,1.0,1.0
836,0.0019876609024192604,1.0,1.0,1.0,1.0
837,0.020578211106892143,0.9910714285714286,0.9795918367346939,1.0,0.9896907216494846
838,0.0046189815704045555,1.0,1.0,1.0,1.0
839,0.004206526392538633,1.0,1.0,1.0,1.0
840,0.004571980114893189,1.0,1.0,1.0,1.0
841,0.005293403885194233,1.0,1.0,1.0,1.0
842,0.003436897141260228,1.0,1.0,1.0,1.0
843,0.014225379746806408,1.0,1.0,1.0,1.0
844,0.0026254735088774134,1.0,1.0,1.0,1.0
845,0.0040472495768751416,1.0,1.0,1.0,1.0
846,0.0036904518658827457,1.0,1.0,1.0,1.0
847,0.003080548685310142,1.0,1.0,1.0,1.0
848,0.003853991677585457,1.0,1.0,1.0,1.0
849,0.006305082842508065,1.0,1.0,1.0,1.0
850,0.004670138537351575,1.0,1.0,1.0,1.0
851,0.0018788903336306767,1.0,1.0,1.0,1.0
852,0.014589952105390174,1.0,1.0,1.0,1.0
853,0.005324909230694175,1.0,1.0,1.0,1.0
854,0.003989886808475214,1.0,1.0,1.0,1.0
855,0.0051086111343465745,1.0,1.0,1.0,1.0
856,0.0022875710440400454,1.0,1.0,1.0,1.0
857,0.006650281820579299,1.0,1.0,1.0,1.0
858,0.002811043739451894,1.0,1.0,1.0,1.0
859,0.004272218228184751,1.0,1.0,1.0,1.0
860,0.003696337342262268,1.0,1.0,1.0,1.0
861,0.0017695217227031077,1.0,1.0,1.0,1.0
862,0.0016958126299349324,1.0,1.0,1.0,1.0
863,0.0037043510071401086,1.0,1.0,1.0,1.0
864,0.005454788483413202,1.0,1.0,1.0,1.0
865,0.002435104497375765,1.0,1.0,1.0,1.0
866,0.0024000079803434865,1.0,1.0,1.0,1.0
867,0.0022415027488023043,1.0,1.0,1.0,1.0
868,0.007084145327098668,1.0,1.0,1.0,1.0
869,0.004553268464016063,1.0,1.0,1.0,1.0
870,0.00485761249936851,1.0,1.0,1.0,1.0
871,0.008108436479233205,1.0,1.0,1.0,1.0
872,0.003139779919625393,1.0,1.0,1.0,1.0
873,0.0017570483032613993,1.0,1.0,1.0,1.0
874,0.0015692181269904332,1.0,1.0,1.0,1.0
875,0.0024935269445580032,1.0,1.0,1.0,1.0
876,0.00643985513930342,1.0,1.0,1.0,1.0
877,0.005204493013609733,1.0,1.0,1.0,1.0
878,0.0053373391191209,1.0,1.0,1.0,1.0
879,0.004599117083541516,1.0,1.0,1.0,1.0
880,0.0298742609697261,1.0,1.0,1.0,1.0
881,0.0014548723619165166,1.0,1.0,1.0,1.0
882,0.005023730070596295,1.0,1.0,1.0,1.0
883,0.00355972203293017,1.0,1.0,1.0,1.0
884,0.005872118187003902,1.0,1.0,1.0,1.0
885,0.0025150359724648297,1.0,1.0,1.0,1.0
886,0.009389612108602055,1.0,1.0,1.0,1.0
887,0.0052941765004236785,1.0,1.0,1.0,1.0
888,0.011094985887341733,1.0,1.0,1.0,1.0
889,0.011930838509994959,1.0,1.0,1.0,1.0
890,0.0023128633786525044,1.0,1.0,1.0,1.0
891,0.004680229600385896,1.0,1.0,1.0,1.0
892,0.005040532044534173,1.0,1.0,1.0,1.0
893,0.0030339083750732243,1.0,1.0,1.0,1.0
894,0.005548277770036033,1.0,1.0,1.0,1.0
895,0.0026863810905654517,1.0,1.0,1.0,1.0
896,0.006663242853911859,1.0,1.0,1.0,1.0
897,0.0023003790244859245,1.0,1.0,1.0,1.0
898,0.002201961719297937,1.0,1.0,1.0,1.0
899,0.003837795030059559,1.0,1.0,1.0,1.0
900,0.00305501908795642,1.0,1.0,1.0,1.0
901,0.0031930639608097927,1.0,1.0,1.0,1.0
902,0.006113043512284223,1.0,1.0,1.0,1.0
903,0.005999798661962684,1.0,1.0,1.0,1.0
904,0.0036534647224470973,1.0,1.0,1.0,1.0
905,0.004136058734729886,1.0,1.0,1.0,1.0
906,0.0018758016937811459,1.0,1.0,1.0,1.0
907,0.004931096719311816,1.0,1.0,1.0,1.0
908,0.007869780629074999,1.0,1.0,1.0,1.0
909,0.003485232317221484,1.0,1.0,1.0,1.0
910,0.036391855284039466,0.9910714285714286,0.9807692307692307,1.0,0.9902912621359222
911,0.0026234894176013768,1.0,1.0,1.0,1.0
912,0.0038773790251330604,1.0,1.0,1.0,1.0
913,0.002674996802982475,1.0,1.0,1.0,1.0
914,0.0015057567091259574,1.0,1.0,1.0,1.0
915,0.004241660786127406,1.0,1.0,1.0,1.0
916,0.0019107214507779904,1.0,1.0,1.0,1.0
917,0.0020954706373491456,1.0,1.0,1.0,1.0
918,0.00257722323294729,1.0,1.0,1.0,1.0
919,0.004570213121561599,1.0,1.0,1.0,1.0
920,0.0019631883977646275,1.0,1.0,1.0,1.0
921,0.005471024678887001,1.0,1.0,1.0,1.0
922,0.0012250657476085638,1.0,1.0,1.0,1.0
923,0.004102021513972431,1.0,1.0,1.0,1.0
924,0.0025668213908959714,1.0,1.0,1.0,1.0
925,0.0032108215216015068,1.0,1.0,1.0,1.0
926,0.0019125159347562917,1.0,1.0,1.0,1.0
927,0.002801735403149256,1.0,1.0,1.0,1.0
928,0.004351882746310106,1.0,1.0,1.0,1.0
929,0.003913753981968122,1.0,1.0,1.0,1.0
930,0.0022794638560818775,1.0,1.0,1.0,1.0
931,0.005479642372977521,1.0,1.0,1.0,1.0
932,0.011456582262845976,1.0,1.0,1.0,1.0
933,0.0029937836474605967,1.0,1.0,1.0,1.0
934,0.0017678433962698495,1.0,1.0,1.0,1.0
935,0.002657904996470149,1.0,1.0,1.0,1.0
936,0.005852283943178398,1.0,1.0,1.0,1.0
937,0.004375772434286773,1.0,1.0,1.0,1.0
938,0.0020016026849459323,1.0,1.0,1.0,1.0
939,0.002888232303251113,1.0,1.0,1.0,1.0
940,0.0016909967609015958,1.0,1.0,1.0,1.0
941,0.010145225279432322,1.0,1.0,1.0,1.0
942,0.00597543060679787,1.0,1.0,1.0,1.0
943,0.013730619077770305,1.0,1.0,1.0,1.0
944,0.002824143955617079,1.0,1.0,1.0,1.0
945,0.00917102865475629,1.0,1.0,1.0,1.0
946,0.0016789468687160739,1.0,1.0,1.0,1.0
947,0.0022751387524684624,1.0,1.0,1.0,1.0
948,0.0046090872575795016,1.0,1.0,1.0,1.0
949,0.0016459653519892267,1.0,1.0,1.0,1.0
950,0.0026906130203445044,1.0,1.0,1.0,1.0
951,0.0014786778234078415,1.0,1.0,1.0,1.0
952,0.0032454007138897267,1.0,1.0,1.0,1.0
953,0.004977545351721346,1.0,1.0,1.0,1.0
954,0.01018300823800798,1.0,1.0,1.0,1.0
955,0.00804346481371405,1.0,1.0,1.0,1.0
956,0.002098102480106588,1.0,1.0,1.0,1.0
957,0.0031622842070646584,1.0,1.0,1.0,1.0
958,0.002931780630855688,1.0,1.0,1.0,1.0
959,0.010984402166546456,1.0,1.0,1.0,1.0
960,0.0031179756042547524,1.0,1.0,1.0,1.0
961,0.0048929786509169,1.0,1.0,1.0,1.0
962,0.002476418424131615,1.0,1.0,1.0,1.0
963,0.003938939596991986,1.0,1.0,1.0,1.0
964,0.01374002848751843,1.0,1.0,1.0,1.0
965,0.0020716794866270254,1.0,1.0,1.0,1.0
966,0.002742498996667564,1.0,1.0,1.0,1.0
967,0.0015105688196074749,1.0,1.0,1.0,1.0
968,0.002488445449021778,1.0,1.0,1.0,1.0
969,0.003699835971929133,1.0,1.0,1.0,1.0
970,0.0032483119617349337,1.0,1.0,1.0,1.0
971,0.005472421962102609,1.0,1.0,1.0,1.0
972,0.0026961482196514097,1.0,1.0,1.0,1.0
973,0.012096566347671407,1.0,1.0,1.0,1.0
974,0.002799628851270037,1.0,1.0,1.0,1.0
975,0.002923753212339112,1.0,1.0,1.0,1.0
976,0.003043905781981136,1.0,1.0,1.0,1.0
977,0.0021689061374802676,1.0,1.0,1.0,1.0
978,0.0024346247914114167,1.0,1.0,1.0,1.0
979,0.004794341329086039,1.0,1.0,1.0,1.0
980,0.0033601886576174627,1.0,1.0,1.0,1.0
981,0.0018658833411921347,1.0,1.0,1.0,1.0
982,0.0028931173562471357,1.0,1.0,1.0,1.0
983,0.0024735124232912703,1.0,1.0,1.0,1.0
984,0.002628117600189788,1.0,1.0,1.0,1.0
985,0.010895719552146537,1.0,1.0,1.0,1.0
986,0.0050420519962374654,1.0,1.0,1.0,1.0
987,0.0035899937086339507,1.0,1.0,1.0,1.0
988,0.01596941621807803,1.0,1.0,1.0,1.0
989,0.005339847594898727,1.0,1.0,1.0,1.0
990,0.001980371507150786,1.0,1.0,1.0,1.0
991,0.004168357217817434,1.0,1.0,1.0,1.0
992,0.003354269811617477,1.0,1.0,1.0,1.0
993,0.007353623356071434,1.0,1.0,1.0,1.0
994,0.003996383082786841,1.0,1.0,1.0,1.0
995,0.0028815107153994696,1.0,1.0,1.0,1.0
996,0.001999865934651877,1.0,1.0,1.0,1.0
997,0.0017355456116742321,1.0,1.0,1.0,1.0
998,0.002786132265880172,1.0,1.0,1.0,1.0
999,0.002440250778038587,1.0,1.0,1.0,1.0
1000,0.0016295888843680067,1.0,1.0,1.0,1.0
